{"name":"untitled","x":0,"y":0,"width":1024,"height":600,"elements":[{"id":1,"type":8,"name":"Combo","event":"","x":0,"y":200,"width":150,"height":44,"rotation":0,"text":"My Combo","asset":"","color":-1,"anchor":0,"parent":3,"children":[],"visible":false},{"id":0,"type":9,"name":"Shape","event":"","x":0,"y":50,"width":150,"height":100,"rotation":0,"text":"My Shape","asset":"","color":16777215,"anchor":0,"parent":3,"children":[],"visible":false},{"id":3,"type":3,"name":"EmptyB","event":"","x":0,"y":0,"width":0,"height":0,"rotation":0,"text":"My Empty","asset":"","color":-1,"anchor":0,"parent":null,"children":[0,1,11,12,14,15,16,19,18,9,21],"visible":false},{"id":2,"type":3,"name":"EmptyA","event":"","x":0,"y":0,"width":0,"height":0,"rotation":0,"text":"My Empty","asset":"","color":-1,"anchor":0,"parent":null,"children":[5,4,10,8,7,17,20],"visible":true},{"id":4,"type":1,"name":"Charactor","event":"","x":350,"y":300,"width":120,"height":200,"rotation":0,"text":"My Image","asset":"charactor.png","color":-1,"anchor":0,"parent":2,"children":[],"visible":true},{"id":5,"type":1,"name":"Background","event":"","x":0,"y":0,"width":1024,"height":600,"rotation":0,"text":"My Image","asset":"background.png","color":-1,"anchor":0,"parent":2,"children":[],"visible":true},{"id":19,"type":0,"name":"escInfo","event":"","x":640,"y":0,"width":430,"height":44,"rotation":0,"text":"ESC : Hide empty","asset":"","color":-1,"anchor":0,"parent":3,"children":[],"visible":true},{"id":8,"type":0,"name":"escInfo","event":"","x":640,"y":0,"width":430,"height":44,"rotation":0,"text":"ESC : Hide empty","asset":"","color":-1,"anchor":0,"parent":2,"children":[],"visible":true},{"id":18,"type":0,"name":"tabInfo","event":"","x":250,"y":0,"width":430,"height":44,"rotation":0,"text":"TAB : Change empty","asset":"","color":-1,"anchor":0,"parent":3,"children":[],"visible":true},{"id":7,"type":0,"name":"tabInfo","event":"","x":250,"y":0,"width":430,"height":44,"rotation":0,"text":"TAB : Change empty","asset":"","color":-1,"anchor":0,"parent":2,"children":[],"visible":true},{"id":9,"type":0,"name":"EmptyBInfo","event":"","x":0,"y":0,"width":200,"height":44,"rotation":0,"text":"EmptyB","asset":"","color":-1,"anchor":0,"parent":3,"children":[],"visible":true},{"id":10,"type":0,"name":"wasdInfo","event":"","x":20,"y":50,"width":600,"height":44,"rotation":0,"text":"WASD : Character operation","asset":"","color":-1,"anchor":0,"parent":2,"children":[],"visible":true},{"id":12,"type":6,"name":"Check","event":"","x":0,"y":100,"width":150,"height":44,"rotation":0,"text":"My Check","asset":"","color":-1,"anchor":0,"parent":3,"children":[],"visible":false},{"id":11,"type":2,"name":"Button","event":"","x":0,"y":50,"width":150,"height":44,"rotation":0,"text":"My Button","asset":"","color":-1,"anchor":0,"parent":3,"children":[],"visible":false},{"id":14,"type":10,"name":"Slider","event":"","x":0,"y":250,"width":150,"height":44,"rotation":0,"text":"My Slider","asset":"","color":-1,"anchor":0,"parent":3,"children":[22,25,26,27],"visible":true},{"id":15,"type":11,"name":"Input","event":"","x":0,"y":300,"width":150,"height":44,"rotation":0,"text":"","asset":"","color":-1,"anchor":0,"parent":3,"children":[],"visible":false},{"id":16,"type":7,"name":"Radio","event":"","x":0,"y":150,"width":150,"height":44,"rotation":0,"text":"My Radio","asset":"","color":-1,"anchor":0,"parent":3,"children":[],"visible":false},{"id":17,"type":0,"name":"EmptyAInfo","event":"","x":0,"y":0,"width":200,"height":44,"rotation":0,"text":"EmptyA","asset":"","color":-1,"anchor":0,"parent":2,"children":[],"visible":true},{"id":20,"type":0,"name":"AddInfo","event":"","x":670,"y":35,"width":150,"height":30,"rotation":0,"text":"or e","asset":"","color":-1,"anchor":0,"parent":2,"children":[],"visible":true},{"id":21,"type":0,"name":"AddInfo","event":"","x":670,"y":35,"width":150,"height":30,"rotation":0,"text":"or e","asset":"","color":-1,"anchor":0,"parent":3,"children":[],"visible":true},{"id":22,"type":0,"name":"TextSlider1","event":"","x":150,"y":-10,"width":330,"height":44,"rotation":0,"text":"Slider value is","asset":"","color":-1,"anchor":0,"parent":14,"children":[],"visible":true},{"id":25,"type":0,"name":"TextSlider2","event":"","x":400,"y":-10,"width":90,"height":44,"rotation":0,"text":"","asset":"","color":-1,"anchor":0,"parent":14,"children":[],"visible":true},{"id":26,"type":0,"name":"TextSlider3","event":"","x":0,"y":50,"width":950,"height":44,"rotation":0,"text":"Press 0 key to reset the slider value to 0.","asset":"","color":-1,"anchor":0,"parent":14,"children":[],"visible":true},{"id":27,"type":0,"name":"TextSlider4","event":"","x":20,"y":90,"width":560,"height":30,"rotation":0,"text":"Numeric keypad input is not accepted.","asset":"","color":-1,"anchor":0,"parent":14,"children":[],"visible":true}],"assets":[{"name":"charactor.png","file":"../../Assets/charactor.png","id":1},{"name":"background.png","file":"../../Assets/background.png","id":2}]}